CREATE TABLE AIRPORT
(AP_NAME VARCHAR(100) NOT NULL,
STATE VARCHAR(15), 
COUNTRY VARCHAR(30),
CNAME VARCHAR(15),
PRIMARY KEY(AP_NAME));


INSERT INTO AIRPORT (AP_NAME, STATE, COUNTRY, CNAME) VALUES('Louisville International Airport','Kentucky','United States','Louisville');
INSERT INTO AIRPORT (AP_NAME, STATE, COUNTRY, CNAME) VALUES('Chandigarh International Airport','Chandigarh','India','Chandigarh');
INSERT INTO AIRPORT (AP_NAME, STATE, COUNTRY, CNAME) VALUES('Dallas/Fort Worth International Airport','Texas','United States','Fort Worth');
INSERT INTO AIRPORT (AP_NAME, STATE, COUNTRY, CNAME) VALUES('Indira GandhiInternational Airport','Delhi','India','Delhi');
INSERT INTO AIRPORT (AP_NAME, STATE, COUNTRY, CNAME) VALUES('Chhatrapati Shivaji International Airport','Maharashtra','India','Mumbai');
INSERT INTO AIRPORT (AP_NAME, STATE, COUNTRY, CNAME) VALUES('San Francisco International Airport','California', 'United States','San Francisco');
INSERT INTO AIRPORT (AP_NAME, STATE, COUNTRY, CNAME) VALUES('Frankfurt Airport','Hesse','Germany','Frankfurt');
INSERT INTO AIRPORT (AP_NAME, STATE, COUNTRY, CNAME) VALUES('George Bush Intercontinental Airport','Texas','United States','Houston');
INSERT INTO AIRPORT (AP_NAME, STATE, COUNTRY, CNAME) VALUES('John F. Kennedy International Airport','New York','United States','New York City');
INSERT INTO AIRPORT (AP_NAME, STATE, COUNTRY, CNAME) VALUES('Tampa International Airport','Florida', 'United States','Tampa');

CREATE TABLE FLIGHT
(FLIGHT_CODE VARCHAR(10) NOT NULL,
SOURCE VARCHAR(3),
DESTINATION VARCHAR(3),
ARRIVAL VARCHAR(10),
DEPARTURE VARCHAR(10),
STATUS VARCHAR(10),
DURATION VARCHAR(30),
FLIGHTTYPE VARCHAR(10),
AIRLINES VARCHAR(20),
PRIMARY KEY(FLIGHT_CODE));


INSERT INTO FLIGHT(FLIGHT_CODE, SOURCE, DESTINATION, ARRIVAL, DEPARTURE, STATUS, DURATION, FLIGHTTYPE, AIRLINES)
VALUES('AI2014','BOM','DFW','02:10','03:15','On-time','24hr','Connecting','Air India');


INSERT INTO FLIGHT(FLIGHT_CODE, SOURCE, DESTINATION, ARRIVAL, DEPARTURE, STATUS, DURATION, FLIGHTTYPE, AIRLINES)
VALUES('QR2305','BOM','DFW','13:00','13:55','Delayed','21hr','Non-stop','Indigo');


INSERT INTO FLIGHT(FLIGHT_CODE, SOURCE, DESTINATION, ARRIVAL, DEPARTURE, STATUS, DURATION, FLIGHTTYPE, AIRLINES)
VALUES('EY1234','JFK','TPA','19:20','20:05','On-time','16hrs','Connecting','Air Asia');


INSERT INTO FLIGHT(FLIGHT_CODE, SOURCE, DESTINATION, ARRIVAL, DEPARTURE, STATUS, DURATION, FLIGHTTYPE, AIRLINES)
VALUES('LH9876','JFK','BOM','05:50','06:35','On-time','18hrs','Non-stop','Spicejet');


INSERT INTO FLIGHT(FLIGHT_CODE, SOURCE, DESTINATION, ARRIVAL, DEPARTURE, STATUS, DURATION, FLIGHTTYPE, AIRLINES)
VALUES('BA1689','FRA','DEL','10:20','10:55','On-time','14hrs','Non-stop','Air India');


INSERT INTO FLIGHT(FLIGHT_CODE, SOURCE, DESTINATION, ARRIVAL, DEPARTURE, STATUS, DURATION, FLIGHTTYPE, AIRLINES)
VALUES('AA4367','SFO','FRA','18:10','18:55','On-time','21hrs','Non-stop','Air Asia');


INSERT INTO FLIGHT(FLIGHT_CODE, SOURCE, DESTINATION, ARRIVAL, DEPARTURE, STATUS, DURATION, FLIGHTTYPE, AIRLINES)
VALUES('QR1902','IXC','IAH','22:00','22:50','Delayed','28hrs','Non-stop','Vistara');


INSERT INTO FLIGHT(FLIGHT_CODE, SOURCE, DESTINATION, ARRIVAL, DEPARTURE, STATUS, DURATION, FLIGHTTYPE, AIRLINES)
VALUES('BA3056','BOM','DFW','02:15','02:55','On-time','29hrs','Connecting','Vistara');


INSERT INTO FLIGHT(FLIGHT_CODE, SOURCE, DESTINATION, ARRIVAL, DEPARTURE, STATUS, DURATION, FLIGHTTYPE,AIRLINES)
VALUES('EK3456','BOM','SFO','18:50','19:40','On-time','30hrs','Non-stop','Indigo');


INSERT INTO FLIGHT(FLIGHT_CODE, SOURCE, DESTINATION, ARRIVAL, DEPARTURE, STATUS, DURATION, FLIGHTTYPE, AIRLINES)
VALUES('9W2334','IAH','DEL','23:00','13:45','On-time','23hrs','Direct','Spicejet');


CREATE TABLE PASSENGER
(PID INT NOT NULL,
FNAME VARCHAR(20),
M VARCHAR(1),
LNAME VARCHAR(20),
ADDRESS VARCHAR(100),
PHONE INT,
AGE INT,
SEX VARCHAR(1),
FLIGHT_CODE VARCHAR(10) NOT NULL, 
PRIMARY KEY(PID),
FOREIGN KEY(FLIGHT_CODE) REFERENCES FLIGHT(FLIGHT_CODE) ON DELETE CASCADE);

INSERT INTO PASSENGER(PID,FNAME,M,LNAME,ADDRESS,PHONE,AGE,SEX,FLIGHT_CODE)
VALUES(1,'ALEN','M','SMITH','2230 NORTHSIDE, APT 11, ALBANY, NY',808036729,30,'M','AI2014');

INSERT INTO PASSENGER(PID,FNAME,M,LNAME,ADDRESS,PHONE,AGE,SEX,FLIGHT_CODE)
VALUES(2,'ANKITA','V','AHIR','3456 VIKAS APTS, APT 102,DOMBIVLI, INDIA',808036728,26,'F','LH9876');

INSERT INTO PASSENGER(PID,FNAME,M,LNAME,ADDRESS,PHONE,AGE,SEX,FLIGHT_CODE)
VALUES(3,'KHYATI','A','MISHRA','7820 MCCALLUM COURTS, APT 234, AKRON, OH',808226728,30,'F','9W2334');

INSERT INTO PASSENGER(PID,FNAME,M,LNAME,ADDRESS,PHONE,AGE,SEX,FLIGHT_CODE)
VALUES(4,'RUHI','S','PATIL','7720 MCCALLUM BLVD, APT 1082, DALLAS, TX',908036726,23,'F','QR1902');

INSERT INTO PASSENGER(PID,FNAME,M,LNAME,ADDRESS,PHONE,AGE,SEX,FLIGHT_CODE)
VALUES(5,'TEJASHREE','B','PANDIT','9082 ESTAES OF RICHARDSON, RICHARDSON, TX',900436012,28,'F','EY1234');

INSERT INTO PASSENGER(PID,FNAME,M,LNAME,ADDRESS,PHONE,AGE,SEX,FLIGHT_CODE)
VALUES(6,'LAKSHMI','P','SHARMA','1110 FIR HILLS, APT 903, AKRON, OH',766619050,30,'F','BA3056');

INSERT INTO PASSENGER(PID,FNAME,M,LNAME,ADDRESS,PHONE,AGE,SEX,FLIGHT_CODE)
VALUES(7,'AKHILESH','D','JOSHI','345 CHATHAM COURTS, APT 678, MUMBAI, INDIA',908036929,29,'M','9W2334');

INSERT INTO PASSENGER(PID,FNAME,M,LNAME,ADDRESS,PHONE,AGE,SEX,FLIGHT_CODE)
VALUES(8,'MANAN','S','LAKHANI','5589 CHTHAM REFLECTIONS, APT 349 HOUSTON, TX',900433512,25,'M','AA4367');

INSERT INTO PASSENGER(PID,FNAME,M,LNAME,ADDRESS,PHONE,AGE,SEX,FLIGHT_CODE)
VALUES(9,'KARAN','M','MOTANI','4444 FRANKFORD VILLA, APT 77, GUILDERLAND, NY',972762664,22,'M','QR1902');

INSERT INTO PASSENGER(PID,FNAME,M,LNAME,ADDRESS,PHONE,AGE,SEX,FLIGHT_CODE)
VALUES(10,'RAM','A','SOLANKI','7720 MCCALLUM BLVD, APT 2087, DALLAS, TX',900456890,60,'M','EK3456');

INSERT INTO PASSENGER(PID,FNAME,M,LNAME,ADDRESS,PHONE,AGE,SEX,FLIGHT_CODE)
VALUES(11,'John','A','GATES','1234 BAKER APTS, APT 59, HESSE, GERMANY',972456998,10,'M','BA1689');

INSERT INTO PASSENGER(PID,FNAME,M,LNAME,ADDRESS,PHONE,AGE,SEX,FLIGHT_CODE)
VALUES(12,'SARA','B','GOMES','6785 SPLITSVILLA, APT 34, MIAMI, FL',902456922,15,'F','QR1902');

INSERT INTO PASSENGER(PID,FNAME,M,LNAME,ADDRESS,PHONE,AGE,SEX,FLIGHT_CODE)
VALUES(13,'ALIA','V','BHAT','548 MARKET PLACE, SAN Francisco, CA',973456780,10,'F','AI2014');

INSERT INTO PASSENGER(PID,FNAME,M,LNAME,ADDRESS,PHONE,AGE,SEX,FLIGHT_CODE)
VALUES(14,'JOHN','P','SMITH','6666 ROCK HILL, APT 2902, TAMPA, FL',462456996,55,'M','BA1689');

INSERT INTO PASSENGER(PID,FNAME,M,LNAME,ADDRESS,PHONE,AGE,SEX,FLIGHT_CODE)
VALUES(15,'RAHUL','T','GUPTA','3355 PALENCIA, APT 2065, MUMBAI, INDIA',472451234,10,'M','QR2305');

CREATE TABLE EMPLOYEE
(SSN INT NOT NULL,
FNAME VARCHAR(20),
M VARCHAR(1),
LNAME VARCHAR(20),
ADDRESS VARCHAR(100),
PHONE INT,
AGE INT,
SEX VARCHAR(1),
JOBTYPE VARCHAR(30),
SALARY INT,
AP_NAME VARCHAR(100),
PRIMARY KEY(SSN),
FOREIGN KEY(AP_NAME) REFERENCES AIRPORT(AP_NAME) ON DELETE CASCADE);

INSERT INTO EMPLOYEE(SSN, FNAME, M, LNAME, ADDRESS, PHONE, AGE, SEX, JOBTYPE, SALARY, AP_NAME)
VALUES(123456789,'LINDA','M','GOODMAN','731 Fondren, Houston, TX',435678934, 35, 'F','ADMINISTRATIVE SUPPORT', 30000,'Louisville International Airport');

INSERT INTO EMPLOYEE(SSN, FNAME, M, LNAME, ADDRESS, PHONE, AGE, SEX, JOBTYPE, SALARY, AP_NAME)
VALUES(333445555,'JOHNY','N','PAUL','638 Voss, Houston, TX',983456199, 40, 'M','ADMINISTRATIVE SUPPORT',45000,'Louisville International Airport');

INSERT INTO EMPLOYEE(SSN, FNAME, M, LNAME, ADDRESS, PHONE, AGE, SEX, JOBTYPE, SALARY, AP_NAME)
VALUES(999887777,'JAMES','P','BOND','3321 Castle, Spring, TX',983466695, 50, 'M','ENGINEER',85000,'Louisville International Airport');


INSERT INTO EMPLOYEE(SSN, FNAME, M, LNAME, ADDRESS, PHONE, AGE, SEX, JOBTYPE, SALARY, AP_NAME)
VALUES(987654321,'SHERLOCK','A','HOLMES','123 TOP HILL, SAN Francisco,CA',809654321, 47, 'M','TRAFFIC MONITOR',55000,'San Francisco International Airport');

INSERT INTO EMPLOYEE(SSN, FNAME, M, LNAME, ADDRESS, PHONE, AGE, SEX, JOBTYPE, SALARY, AP_NAME)
VALUES(666884444,'SHELDON','A','COOPER','345 CHERRY PARK, HESSE,GERMANY',124678903, 55, 'M','TRAFFIC MONITOR',50000,'Frankfurt Airport');


INSERT INTO EMPLOYEE(SSN, FNAME, M, LNAME, ADDRESS, PHONE, AGE, SEX, JOBTYPE, SALARY, AP_NAME)
VALUES(453453453,'RAJ','B','SHARMA','345 FLOYDS, MUMBAI,INDIA',432678901, 35, 'M','AIRPORT AUTHORITY', 45000 ,'Chhatrapati Shivaji International Airport');


INSERT INTO EMPLOYEE(SSN, FNAME, M, LNAME, ADDRESS, PHONE, AGE, SEX, JOBTYPE, SALARY, AP_NAME)
VALUES(987987987,'NIKITA','C','PAUL','110 SYNERGY PARK, DALLAS,TX',567904325, 33, 'F','ENGINEER', 90000,'Dallas/Fort Worth International Airport');


INSERT INTO EMPLOYEE(SSN, FNAME, M, LNAME, ADDRESS, PHONE, AGE, SEX, JOBTYPE, SALARY, AP_NAME)
VALUES(888665555,'SHUBHAM','R','GUPTA','567 CHANDANI CHOWK, DELHI, INDIA',856778890, 39, 'M','ADMINISTRATIVE SUPPORT',35000,'Indira GandhiInternational Airport');

INSERT INTO EMPLOYEE(SSN, FNAME, M, LNAME, ADDRESS, PHONE, AGE, SEX, JOBTYPE, SALARY , AP_NAME)
VALUES(125478909,'PRATIK','T','GOMES','334 VITRUVIAN PARK, ALBANY, NY',444678903, 56, 'M','TRAFFIC MONITOR',55000,'John F. Kennedy International Airport');

INSERT INTO EMPLOYEE(SSN, FNAME, M, LNAME, ADDRESS, PHONE, AGE, SEX, JOBTYPE, SALARY, AP_NAME)
VALUES(324567897,'ADIT','P','DESAI','987 SOMNATH, CHANDIGARH, INDIA',224658909, 36, 'M','TRAFFIC MONITOR',50000,'Chandigarh International Airport');


CREATE TABLE SERVES
(SSN INT NOT NULL,
PID INT NOT NULL,
PRIMARY KEY(SSN, PID),
FOREIGN KEY(SSN) REFERENCES EMPLOYEE(SSN) ON DELETE CASCADE,
FOREIGN KEY(PID) REFERENCES PASSENGER(PID) ON DELETE CASCADE);

-- INSERTING VALUES INTO TABLE: SERVES--
INSERT INTO SERVES(SSN, PID) VALUES(123456789,1);
INSERT INTO SERVES(SSN, PID) VALUES(123456789,15);
INSERT INTO SERVES(SSN, PID) VALUES(123456789,9);
INSERT INTO SERVES(SSN, PID) VALUES(888665555,4);
INSERT INTO SERVES(SSN, PID) VALUES(888665555,13);
INSERT INTO SERVES(SSN, PID) VALUES(333445555,10);
INSERT INTO SERVES(SSN, PID) VALUES(333445555,12);
INSERT INTO SERVES(SSN, PID) VALUES(888665555,12);
INSERT INTO SERVES(SSN, PID) VALUES(123456789,7);
INSERT INTO SERVES(SSN, PID) VALUES(888665555,7);

CREATE TABLE TICKET
(TICKET_NUMBER INT NOT NULL,
SOURCE VARCHAR(3),
DESTINATION VARCHAR(3),
DATE_OF_TRAVEL DATE,
SEATNO VARCHAR(5),
CLASS VARCHAR(15),
PID INT NOT NULL,
FLIGHT_CODE VARCHAR(10) NOT NULL,
PRIMARY KEY(TICKET_NUMBER),
FOREIGN KEY(PID) REFERENCES PASSENGER(PID) ON DELETE CASCADE,
FOREIGN KEY(FLIGHT_CODE) REFERENCES FLIGHT(FLIGHT_CODE) ON DELETE CASCADE);

INSERT INTO TICKET(TICKET_NUMBER, SOURCE, DESTINATION,  DATE_OF_TRAVEL, SEATNO, CLASS, PID, FLIGHT_CODE)
VALUES(12321,'BOM','DFW','20-12-15','32A','ECONOMY',1,'AI2014');

INSERT INTO TICKET(TICKET_NUMBER, SOURCE, DESTINATION, DATE_OF_TRAVEL, SEATNO, CLASS, PID, FLIGHT_CODE)
VALUES(09898,'JFK','BOM','20-12-20','45D','ECONOMY',2,'LH9876');

INSERT INTO TICKET(TICKET_NUMBER, SOURCE, DESTINATION,  DATE_OF_TRAVEL, SEATNO, CLASS, PID,FLIGHT_CODE)
VALUES(14321,'IAH','DEL','20-12-25','1A','BUSINESS',3,'9W2334');

INSERT INTO TICKET(TICKET_NUMBER, SOURCE, DESTINATION,  DATE_OF_TRAVEL, SEATNO, CLASS, PID,FLIGHT_CODE)
VALUES(78656,'IXC','IAH','21-1-12','20C','FIRST-CLASS',4,'QR1902');

INSERT INTO TICKET(TICKET_NUMBER, SOURCE, DESTINATION, DATE_OF_TRAVEL, SEATNO, CLASS, PID, FLIGHT_CODE)
VALUES(23412,'JFK','TPA','20-12-10','54E','ECONOMY',5,'EY1234');

INSERT INTO TICKET(TICKET_NUMBER, SOURCE, DESTINATION, DATE_OF_TRAVEL, SEATNO, CLASS, PID, FLIGHT_CODE)
VALUES(89767,'BOM','DFW','21-2-14','43B','ECONOMY',6,'BA3056');

INSERT INTO TICKET(TICKET_NUMBER, SOURCE, DESTINATION, DATE_OF_TRAVEL, SEATNO, CLASS, PID, FLIGHT_CODE)
VALUES(46566,'IAH','DEL','20-12-25','27B','FIRST-CLASS',7,'9W2334');

INSERT INTO TICKET(TICKET_NUMBER, SOURCE, DESTINATION,  DATE_OF_TRAVEL, SEATNO, CLASS, PID, FLIGHT_CODE)
VALUES(15116,'SFO','FRA','20-12-18','34E','ECONOMY',8,'AA4367');

INSERT INTO TICKET(TICKET_NUMBER, SOURCE, DESTINATION, DATE_OF_TRAVEL, SEATNO, CLASS, PID, FLIGHT_CODE)
VALUES(87655,'IXC','IAH','20-12-30','54C','ECONOMY',9,'QR1902');

INSERT INTO TICKET(TICKET_NUMBER, SOURCE, DESTINATION, DATE_OF_TRAVEL, SEATNO, CLASS, PID, FLIGHT_CODE)
VALUES(97799,'BOM','SFO','20-12-15','38A','ECONOMY',10,'EK3456');

INSERT INTO TICKET(TICKET_NUMBER, SOURCE, DESTINATION,  DATE_OF_TRAVEL, SEATNO, CLASS, PID, FLIGHT_CODE)
VALUES(61027,'FRA','DEL','20-12-30','57F','ECONOMY',11,'BA1689');

INSERT INTO TICKET(TICKET_NUMBER, SOURCE, DESTINATION, DATE_OF_TRAVEL, SEATNO, CLASS, PID, FLIGHT_CODE)
VALUES(51334,'IXC','IAH','21-1-28','45D','ECONOMY',12,'QR1902');

INSERT INTO TICKET(TICKET_NUMBER, SOURCE, DESTINATION,  DATE_OF_TRAVEL, SEATNO, CLASS, PID, FLIGHT_CODE)
VALUES(761990,'BOM','DFW','20-12-15','37C','ECONOMY',13,'AI2014');

INSERT INTO TICKET(TICKET_NUMBER, SOURCE, DESTINATION,  DATE_OF_TRAVEL, SEATNO, CLASS, PID, FLIGHT_CODE)
VALUES(34563,'FRA','DEL','20-12-23','55C','ECONOMY',14,'BA1689');

INSERT INTO TICKET(TICKET_NUMBER, SOURCE, DESTINATION,  DATE_OF_TRAVEL, SEATNO, CLASS, PID, FLIGHT_CODE)
VALUES(58930,'BOM','DFW','20-1-22','33F','ECONOMY',15,'QR2305');


